2018 Rank,City,State,2018 Estimate,2010 Census,Change (%),2016 Land Area (sq mi),2016 Land Area (km2),2016 Population Density (sq mi),2016 Population Density (km2),Location (N),Location (W)
1,New York City,New York,8398748.0,8175133.0,2.74,301.5,780.9,28317.0,10933.0,40.6635,73.9387
2,Los Angeles,California,3990456.0,3792621.0,5.22,468.7,1213.9,8484.0,3276.0,34.0194,118.4108
3,Chicago,Illinois,2705994.0,2695598.0,0.39,227.3,588.7,11900.0,4600.0,41.8376,87.6818
4,Houston,Texas,2325502.0,2100263.0,10.72,637.5,1651.1,3613.0,1395.0,29.7866,95.3909
5,Phoenix,Arizona,1660272.0,1445632.0,14.85,517.6,1340.6,3120.0,1200.0,33.5722,112.0901
6,Philadelphia,Pennsylvania,1584138.0,1526006.0,3.81,134.2,347.6,11683.0,4511.0,40.0094,75.1333
7,San Antonio,Texas,1532233.0,1327407.0,15.43,461.0,1194.0,3238.0,1250.0,29.4724,98.5251
8,San Diego,California,1425976.0,1307402.0,9.07,325.2,842.3,4325.0,1670.0,32.8153,117.135
9,Dallas,Texas,1345047.0,1197816.0,12.29,340.9,882.9,3866.0,1493.0,32.7933,96.7665
10,San Jose,California,1030119.0,945942.0,8.9,177.5,459.7,5777.0,2231.0,37.2967,121.8189
11,Austin,Texas,964254.0,790390.0,22.0,312.7,809.9,3031.0,1170.0,30.3039,97.7544
12,Jacksonville,Florida,903889.0,821784.0,9.99,747.4,1935.8,1178.0,455.0,30.3369,81.6616
13,Fort Worth,Texas,895008.0,741206.0,20.75,342.9,888.1,2491.0,962.0,32.7815,97.3467
14,Columbus,Ohio,892533.0,787033.0,13.4,218.5,565.9,3936.0,1520.0,39.9852,82.9848
15,San Francisco,California,883305.0,805235.0,9.7,46.9,121.5,18569.0,7170.0,37.7272,123.0322
16,Charlotte,North Carolina,872498.0,731424.0,19.29,305.4,791.0,2757.0,1064.0,35.2078,80.831
17,Indianapolis,Indiana,867125.0,820445.0,5.69,361.5,936.3,2366.0,914.0,39.7767,86.1459
18,Seattle,Washington,744955.0,608660.0,22.39,83.8,217.0,8405.0,3245.0,47.6205,122.3509
19,Denver,Colorado,716492.0,600158.0,19.38,153.3,397.0,4521.0,1746.0,39.7619,104.8811
20,"Washington, D.C.",District of Columbia,702455.0,601723.0,16.74,61.1,158.2,11148.0,4304.0,38.9041,77.0172
21,Boston,Massachusetts,694583.0,617594.0,12.47,48.3,125.1,13938.0,5381.0,42.332,71.0202
22,El Paso,Texas,682669.0,649121.0,5.17,256.8,665.1,2660.0,1030.0,31.8484,106.427
23,Detroit,Michigan,672662.0,713777.0,-5.76,138.8,359.5,4847.0,1871.0,42.383,83.1022
24,Nashville,Tennessee,669053.0,601222.0,11.28,475.9,1232.6,1388.0,536.0,36.1718,86.785
25,Portland,Oregon,653115.0,583776.0,11.88,133.5,345.8,4793.0,1851.0,45.537,122.65
26,Memphis,Tennessee,650618.0,646889.0,0.58,317.4,822.1,2056.0,794.0,35.1028,89.9774
27,Oklahoma City,Oklahoma,649021.0,579999.0,11.9,606.3,1570.3,1053.0,407.0,35.4671,97.5137
28,Las Vegas,Nevada,644644.0,583756.0,10.43,134.4,348.1,4709.0,1818.0,36.2292,115.2601
29,Louisville,Kentucky,620118.0,597337.0,3.81,263.5,682.5,2339.0,903.0,38.1654,85.6474
30,Baltimore,Maryland,602495.0,620961.0,-2.97,80.9,209.5,7598.0,2934.0,39.3,76.6105
31,Milwaukee,Wisconsin,592025.0,594833.0,-0.47,96.2,249.2,6186.0,2388.0,43.0633,87.9667
32,Albuquerque,New Mexico,560218.0,545852.0,2.63,188.2,487.4,2972.0,1147.0,35.1056,106.6474
33,Tucson,Arizona,545975.0,520116.0,4.97,230.8,597.8,2299.0,888.0,32.1531,110.8706
34,Fresno,California,530093.0,494665.0,7.16,114.4,296.3,4563.0,1762.0,36.7836,119.7934
35,Mesa,Arizona,508958.0,439041.0,15.92,137.9,357.2,3514.0,1357.0,33.4019,111.7174
36,Sacramento,California,508529.0,466488.0,9.01,97.9,253.6,5059.0,1953.0,38.5666,121.4686
37,Atlanta,Georgia,498044.0,420003.0,18.58,133.5,345.8,3539.0,1366.0,33.7629,84.4227
38,Kansas City,Missouri,491918.0,459787.0,6.99,315.0,815.8,1528.0,590.0,39.1251,94.551
39,Colorado Springs,Colorado,472688.0,416427.0,13.51,195.6,506.6,2378.0,918.0,38.8673,104.7607
40,Miami,Florida,470914.0,399457.0,17.89,36.0,93.2,12599.0,4865.0,25.7752,80.2086
41,Raleigh,North Carolina,469298.0,403892.0,16.19,145.1,375.8,3163.0,1221.0,35.8306,78.6418
42,Omaha,Nebraska,468262.0,408958.0,14.5,133.2,345.0,3356.0,1296.0,41.2644,96.0451
43,Long Beach,California,467354.0,462257.0,1.1,50.3,130.3,9347.0,3609.0,33.8092,118.1553
44,Virginia Beach,Virginia,450189.0,437994.0,2.78,244.7,633.8,1850.0,710.0,36.78,76.0252
45,Oakland,California,429082.0,390724.0,9.82,55.9,144.8,7514.0,2901.0,37.7698,122.2257
46,Minneapolis,Minnesota,425403.0,382578.0,11.19,54.0,139.9,7660.0,2960.0,44.9633,93.2683
47,Tulsa,Oklahoma,400669.0,391906.0,2.24,196.8,509.7,2048.0,791.0,36.1279,95.9023
48,Arlington,Texas,398112.0,365438.0,8.94,95.8,248.1,4100.0,1600.0,32.7007,97.1247
49,Tampa,Florida,392890.0,335709.0,17.03,113.4,293.7,3326.0,1284.0,27.9701,82.4797
50,New Orleans,Louisiana,391006.0,343829.0,13.72,169.4,438.7,2311.0,892.0,30.0534,89.9345
51,Wichita,Kansas,389255.0,382368.0,1.8,160.4,415.4,2431.0,939.0,37.6907,97.3459
52,Cleveland,Ohio,383793.0,396815.0,-3.28,77.7,201.2,4965.0,1917.0,41.4785,81.6794
53,Bakersfield,California,383579.0,347483.0,10.39,148.8,385.4,2529.0,976.0,35.3212,119.0183
54,Aurora,Colorado,374114.0,325078.0,15.08,153.5,397.6,2356.0,910.0,39.688,104.6897
55,Anaheim,California,352005.0,336265.0,4.68,50.0,129.5,7021.0,2711.0,33.8555,117.7601
56,Honolulu,Hawaii,347397.0,337256.0,3.01,60.5,156.7,5815.0,2245.0,21.3243,157.8476
57,Santa Ana,California,332725.0,324528.0,2.53,27.1,70.2,12333.0,4762.0,33.7363,117.883
58,Riverside,California,330063.0,303871.0,8.62,81.2,210.3,3999.0,1544.0,33.9381,117.3932
59,Corpus Christi,Texas,326554.0,305215.0,6.99,174.6,452.2,1866.0,720.0,27.7543,97.1734
60,Lexington,Kentucky,323780.0,295803.0,9.46,283.6,734.5,1123.0,434.0,38.0407,84.4583
61,Stockton,California,311178.0,291707.0,6.67,61.7,159.8,4977.0,1922.0,37.9763,121.3133
62,Henderson,Nevada,310390.0,257729.0,20.43,104.7,271.2,2798.0,1080.0,36.0097,115.0357
63,Saint Paul,Minnesota,307695.0,285068.0,7.94,52.0,134.7,5815.0,2245.0,44.9489,93.1041
64,St. Louis,Missouri,302838.0,319294.0,-5.15,62.0,160.6,5023.0,1939.0,38.6357,90.2446
65,Cincinnati,Ohio,302605.0,296943.0,1.91,77.4,200.5,3860.0,1490.0,39.1402,84.5058
66,Pittsburgh,Pennsylvania,301048.0,305704.0,-1.52,55.4,143.5,5481.0,2116.0,40.4398,79.9766
67,Greensboro,North Carolina,294722.0,269666.0,9.29,128.3,332.3,2237.0,864.0,36.0951,79.827
68,Anchorage,Alaska,291538.0,291826.0,-0.1,1706.6,4420.1,175.0,68.0,61.1743,149.2843
69,Plano,Texas,288061.0,259841.0,10.86,71.7,185.7,3990.0,1540.0,33.0508,96.7479
70,Lincoln,Nebraska,287401.0,258379.0,11.23,92.1,238.5,3044.0,1175.0,40.8105,96.6803
71,Orlando,Florida,285713.0,238300.0,19.9,105.2,272.5,2635.0,1017.0,28.4166,81.2736
72,Irvine,California,282572.0,212375.0,33.05,65.6,169.9,4057.0,1566.0,33.6784,117.7713
73,Newark,New Jersey,282090.0,277140.0,1.79,24.1,62.4,11691.0,4514.0,40.7242,74.1726
74,Toledo,Ohio,274975.0,287208.0,-4.26,80.7,209.0,3451.0,1332.0,41.6641,83.5819
75,Durham,North Carolina,274291.0,228330.0,20.13,109.8,284.4,2395.0,925.0,35.9811,78.9029
76,Chula Vista,California,271651.0,243916.0,11.37,49.6,128.5,5387.0,2080.0,32.6277,117.0152
77,Fort Wayne,Indiana,267633.0,253691.0,5.5,110.6,286.5,2391.0,923.0,41.0882,85.1439
78,Jersey City,New Jersey,265549.0,247597.0,7.25,14.8,38.3,17848.0,6891.0,40.7114,74.0648
79,St. Petersburg,Florida,265098.0,244769.0,8.31,61.8,160.1,4223.0,1631.0,27.762,82.6441
80,Laredo,Texas,261639.0,236091.0,10.82,101.1,261.8,2544.0,982.0,27.5604,99.4892
81,Madison,Wisconsin,258054.0,233209.0,10.65,77.0,199.4,3280.0,1270.0,43.0878,89.4299
82,Chandler,Arizona,257165.0,236123.0,8.91,64.9,168.1,3813.0,1472.0,33.2829,111.8549
83,Buffalo,New York,256304.0,261310.0,-1.92,40.4,104.6,6359.0,2455.0,42.8925,78.8597
84,Lubbock,Texas,255885.0,229573.0,11.46,124.6,322.7,2027.0,783.0,33.5656,101.8867
85,Scottsdale,Arizona,255310.0,217385.0,17.45,183.9,476.3,1341.0,518.0,33.6843,111.8611
86,Reno,Nevada,250998.0,225221.0,11.45,107.3,277.9,2286.0,883.0,39.5491,119.8499
87,Glendale,Arizona,250702.0,226721.0,10.58,59.1,153.1,4161.0,1607.0,33.5331,112.1899
88,Gilbert,Arizona,248279.0,208453.0,19.11,68.0,176.1,3487.0,1346.0,33.3103,111.7431
89,Winston–Salem,North Carolina,246328.0,229617.0,7.28,132.5,343.2,1828.0,706.0,36.1027,80.261
90,North Las Vegas,Nevada,245949.0,216961.0,13.36,98.0,253.8,2436.0,941.0,36.2857,115.0939
91,Norfolk,Virginia,244076.0,242803.0,0.52,53.3,138.0,4599.0,1776.0,36.923,76.2446
92,Chesapeake,Virginia,242634.0,222209.0,9.19,338.5,876.7,703.0,271.0,36.6794,76.3018
93,Garland,Texas,242507.0,226876.0,6.89,57.0,147.6,4122.0,1592.0,32.9098,96.6303
94,Irving,Texas,242242.0,216290.0,12.0,67.0,173.5,3557.0,1373.0,32.8577,96.97
95,Hialeah,Florida,238942.0,224669.0,6.35,21.5,55.7,10995.0,4245.0,25.8699,80.3029
96,Fremont,California,237807.0,214089.0,11.08,77.5,200.7,3008.0,1161.0,37.4945,121.9412
97,Boise,Idaho,228790.0,205671.0,11.24,82.1,212.6,2718.0,1049.0,43.6002,116.2317
98,Richmond,Virginia,228783.0,204214.0,12.03,59.8,154.9,3732.0,1441.0,37.5314,77.476
99,Baton Rouge,Louisiana,221599.0,229493.0,-3.44,85.9,222.5,2651.0,1024.0,30.4422,91.1309
100,Spokane,Washington,219190.0,208916.0,4.92,68.7,177.9,3144.0,1214.0,47.6669,117.4333
101,Des Moines,Iowa,216853.0,203433.0,6.6,88.9,230.2,2424.0,936.0,41.5726,93.6102
102,Tacoma,Washington,216279.0,198397.0,9.01,49.7,128.7,4251.0,1641.0,47.2522,122.4598
103,San Bernardino,California,215941.0,209924.0,2.87,61.5,159.3,3516.0,1358.0,34.1416,117.2936
104,Modesto,California,215030.0,201165.0,6.89,43.0,111.4,4934.0,1905.0,37.6375,121.003
105,Fontana,California,213739.0,196069.0,9.01,43.0,111.4,4876.0,1883.0,34.109,117.4629
106,Santa Clarita,California,210089.0,176320.0,19.15,52.8,136.8,3446.0,1331.0,34.403,118.5042
107,Birmingham,Alabama,209880.0,212237.0,-1.11,146.1,378.4,1452.0,561.0,33.5274,86.799
108,Oxnard,California,209877.0,197899.0,6.05,26.9,69.7,7729.0,2984.0,34.2023,119.2046
109,Fayetteville,North Carolina,209468.0,200564.0,4.44,147.7,382.5,1386.0,535.0,35.0828,78.9735
110,Moreno Valley,California,209050.0,193365.0,8.11,51.3,132.9,4006.0,1547.0,33.9233,117.2057
111,Rochester,New York,206284.0,210565.0,-2.03,35.8,92.7,5835.0,2253.0,43.1699,77.6169
112,Glendale,California,201361.0,191719.0,5.03,30.4,78.7,6606.0,2551.0,34.1814,118.2458
113,Huntington Beach,California,200641.0,189992.0,5.6,26.9,69.7,7459.0,2880.0,33.6906,118.0093
114,Salt Lake City,Utah,200591.0,186440.0,7.59,111.2,288.0,1742.0,673.0,40.7769,111.931
115,Grand Rapids,Michigan,200217.0,188040.0,6.48,44.4,115.0,4424.0,1708.0,42.9612,85.6556
116,Amarillo,Texas,199924.0,190695.0,4.84,101.4,262.6,1968.0,760.0,35.1999,101.8302
117,Yonkers,New York,199663.0,195976.0,1.88,18.0,46.6,11156.0,4307.0,40.9459,73.8674
118,Aurora,Illinois,199602.0,197899.0,0.86,44.9,116.3,4479.0,1729.0,41.7635,88.2901
119,Montgomery,Alabama,198218.0,205764.0,-3.67,159.8,413.9,1252.0,483.0,32.3472,86.2661
120,Akron,Ohio,198006.0,199110.0,-0.55,62.0,160.6,3188.0,1231.0,41.0805,81.5214
121,Little Rock,Arkansas,197881.0,193524.0,2.25,118.7,307.4,1673.0,646.0,34.7254,92.3586
122,Huntsville,Alabama,197318.0,180105.0,9.56,213.4,552.7,905.0,349.0,34.699,86.673
123,Augusta,Georgia,196939.0,195844.0,0.56,302.5,783.5,652.0,252.0,33.3655,82.0734
124,Port St. Lucie,Florida,195248.0,164603.0,18.62,118.9,307.9,1557.0,601.0,27.2806,80.3883
125,Grand Prairie,Texas,194614.0,175396.0,10.96,72.3,187.3,2637.0,1018.0,32.6869,97.0211
126,Columbus,Georgia,194160.0,189885.0,2.25,216.4,560.5,913.0,353.0,32.5102,84.8749
127,Tallahassee,Florida,193551.0,181376.0,6.71,100.4,260.0,1901.0,734.0,30.4551,84.2534
128,Overland Park,Kansas,192536.0,173372.0,11.05,75.1,194.5,2516.0,971.0,38.889,94.6906
129,Tempe,Arizona,192364.0,161719.0,18.95,40.0,103.6,4562.0,1761.0,33.3884,111.9318
130,McKinney,Texas,191645.0,131117.0,46.16,63.0,163.2,2735.0,1056.0,33.1985,96.668
131,Mobile,Alabama,189572.0,195111.0,-2.84,139.4,361.0,1384.0,534.0,30.6684,88.1002
132,Cape Coral,Florida,189343.0,154305.0,22.71,105.6,273.5,1703.0,658.0,26.6432,81.9974
133,Shreveport,Louisiana,188987.0,199311.0,-5.18,107.1,277.4,1820.0,700.0,32.4669,93.7922
134,Frisco,Texas,188170.0,116989.0,60.84,67.7,175.3,2417.0,933.0,33.1554,96.8226
135,Knoxville,Tennessee,187500.0,178874.0,4.82,98.5,255.1,1891.0,730.0,35.9707,83.9493
136,Worcester,Massachusetts,185877.0,181045.0,2.67,37.4,96.9,4933.0,1905.0,42.2695,71.8078
137,Brownsville,Texas,183392.0,175023.0,4.78,132.5,343.2,1387.0,536.0,25.9991,97.455
138,Vancouver,Washington,183012.0,161791.0,13.12,46.9,121.5,3728.0,1439.0,45.6349,122.5957
139,Fort Lauderdale,Florida,182595.0,165521.0,10.32,34.6,89.6,5166.0,1995.0,26.1412,80.1467
140,Sioux Falls,South Dakota,181883.0,153888.0,18.19,75.4,195.3,2312.0,893.0,43.5383,96.732
141,Ontario,California,181107.0,163924.0,10.48,49.9,129.2,3471.0,1340.0,34.0394,117.6042
142,Chattanooga,Tennessee,180557.0,167674.0,7.68,143.1,370.6,1241.0,479.0,35.066,85.2484
143,Providence,Rhode Island,179335.0,178042.0,0.73,18.4,47.7,9740.0,3760.0,41.8231,71.4188
144,Newport News,Virginia,178626.0,180719.0,-1.16,69.1,179.0,2631.0,1016.0,37.0762,76.522
145,Rancho Cucamonga,California,177751.0,165269.0,7.55,40.0,103.6,4413.0,1704.0,34.1233,117.5642
146,Santa Rosa,California,177586.0,167815.0,5.82,41.3,107.0,4241.0,1637.0,38.4468,122.7061
147,Oceanside,California,176080.0,167086.0,5.38,41.3,107.0,4249.0,1641.0,33.2245,117.3062
148,Salem,Oregon,173442.0,154637.0,12.16,48.6,125.9,3445.0,1330.0,44.9237,123.0232
149,Elk Grove,California,172886.0,153015.0,12.99,42.2,109.3,4022.0,1553.0,38.4146,121.385
150,Garden Grove,California,172646.0,170883.0,1.03,18.0,46.6,9714.0,3751.0,33.7788,117.9605
151,Pembroke Pines,Florida,172374.0,154019.0,11.92,33.0,85.5,5109.0,1973.0,26.021,80.3404
152,Peoria,Arizona,172259.0,154065.0,11.81,175.7,455.1,934.0,361.0,33.7862,112.308
153,Eugene,Oregon,171245.0,156185.0,9.64,44.1,114.2,3777.0,1458.0,44.0567,123.1162
154,Corona,California,168819.0,152374.0,10.79,39.5,102.3,4222.0,1630.0,33.862,117.5655
155,Cary,North Carolina,168160.0,135234.0,24.35,56.5,146.3,2873.0,1109.0,35.7809,78.8133
156,Springfield,Missouri,168122.0,159498.0,5.41,82.3,213.2,2033.0,785.0,37.1942,93.2913
157,Fort Collins,Colorado,167830.0,143986.0,16.56,55.8,144.5,2943.0,1136.0,40.5482,105.0648
158,Jackson,Mississippi,164422.0,173514.0,-5.24,111.0,287.5,1524.0,588.0,32.3158,90.2128
159,Alexandria,Virginia,160530.0,139966.0,14.69,15.0,38.8,10387.0,4010.0,38.8201,77.0841
160,Hayward,California,159620.0,144186.0,10.7,45.5,117.8,3493.0,1349.0,37.6287,122.1024
161,Lancaster,California,159053.0,156633.0,1.55,94.3,244.2,1698.0,656.0,34.6936,118.1753
162,Lakewood,Colorado,156798.0,142980.0,9.66,42.9,111.1,3599.0,1390.0,39.6989,105.1176
163,Clarksville,Tennessee,156794.0,132929.0,17.95,98.3,254.6,1529.0,590.0,36.5664,87.3452
164,Palmdale,California,156667.0,152750.0,2.56,106.0,274.5,1484.0,573.0,34.591,118.1054
165,Salinas,California,156259.0,150441.0,3.87,23.6,61.1,6662.0,2572.0,36.6902,121.6337
166,Springfield,Massachusetts,155032.0,153060.0,1.29,31.9,82.6,4830.0,1860.0,42.1155,72.54
167,Hollywood,Florida,154823.0,140768.0,9.98,27.3,70.7,5568.0,2150.0,26.031,80.1646
168,Pasadena,Texas,153219.0,149043.0,2.8,43.5,112.7,3525.0,1361.0,29.6586,95.1506
169,Sunnyvale,California,153185.0,140081.0,9.35,22.0,57.0,6944.0,2681.0,37.3858,122.0263
170,Macon,Georgia,153095.0,91351.0,67.59,249.3,645.7,612.0,236.0,32.8088,83.6942
171,Kansas City,Kansas,152958.0,145786.0,4.92,124.8,323.2,1216.0,470.0,39.1225,94.7418
172,Pomona,California,152361.0,149058.0,2.22,23.0,59.6,6630.0,2560.0,34.0585,117.7611
173,Escondido,California,152213.0,143911.0,5.77,37.1,96.1,4087.0,1578.0,33.1331,117.074
174,Killeen,Texas,149103.0,127921.0,16.56,53.5,138.6,2680.0,1030.0,31.0777,97.732
175,Naperville,Illinois,148304.0,141853.0,4.55,38.7,100.2,3802.0,1468.0,41.7492,88.162
176,Joliet,Illinois,148099.0,147433.0,0.45,64.4,166.8,2302.0,889.0,41.5177,88.1488
177,Bellevue,Washington,147599.0,122363.0,20.62,33.5,86.8,4221.0,1630.0,47.5979,122.1565
178,Rockford,Illinois,146526.0,152871.0,-4.15,63.5,164.5,2325.0,898.0,42.2588,89.0646
179,Savannah,Georgia,145862.0,136286.0,7.03,103.6,268.3,1417.0,547.0,32.0025,81.1536
180,Paterson,New Jersey,145627.0,146199.0,-0.39,8.4,21.8,17500.0,6800.0,40.9148,74.1628
181,Torrance,California,145182.0,145438.0,-0.18,20.5,53.1,7180.0,2770.0,33.835,118.3414
182,Bridgeport,Connecticut,144900.0,144229.0,0.47,16.1,41.7,9064.0,3500.0,41.1874,73.1958
183,McAllen,Texas,143433.0,129877.0,10.44,58.4,151.3,2435.0,940.0,26.2322,98.2464
184,Mesquite,Texas,142816.0,139824.0,2.14,47.2,122.2,3045.0,1176.0,32.7629,96.5888
185,Syracuse,New York,142749.0,145170.0,-1.67,25.0,64.7,5735.0,2214.0,43.041,76.1436
186,Midland,Texas,142344.0,111147.0,28.07,74.4,192.7,1809.0,698.0,32.0246,102.1135
187,Pasadena,California,141371.0,137122.0,3.1,23.0,59.6,6176.0,2385.0,34.1606,118.1396
188,Murfreesboro,Tennessee,141344.0,108755.0,29.97,55.9,144.8,2360.0,910.0,35.8522,86.416
189,Miramar,Florida,140823.0,122041.0,15.39,29.4,76.1,4709.0,1818.0,25.977,80.3358
190,Dayton,Ohio,140640.0,141527.0,-0.63,55.7,144.3,2522.0,974.0,39.7774,84.1996
191,Fullerton,California,139640.0,135161.0,3.31,22.4,58.0,6282.0,2425.0,33.8857,117.928
192,Olathe,Kansas,139605.0,125872.0,10.91,60.9,157.7,2225.0,859.0,38.8843,94.8195
193,Orange,California,139484.0,136416.0,2.25,25.4,65.8,5532.0,2136.0,33.787,117.8613
194,Thornton,Colorado,139436.0,118772.0,17.4,35.7,92.5,3829.0,1478.0,39.9194,104.9428
195,Roseville,California,139117.0,118788.0,17.11,43.0,111.4,3085.0,1191.0,38.769,121.3189
196,Denton,Texas,138541.0,113383.0,22.19,93.4,241.9,1433.0,553.0,33.2166,97.1414
197,Waco,Texas,138183.0,124805.0,10.72,89.0,230.5,1510.0,580.0,31.5601,97.186
198,Surprise,Arizona,138161.0,117517.0,17.57,107.9,279.5,1230.0,470.0,33.6706,112.4527
199,Carrollton,Texas,136879.0,119097.0,14.93,36.3,94.0,3674.0,1419.0,32.9884,96.8998
200,West Valley City,Utah,136401.0,129480.0,5.35,35.5,91.9,3847.0,1485.0,40.6885,112.0118
201,Charleston,South Carolina,136208.0,120083.0,13.43,109.0,282.3,1233.0,476.0,32.8179,79.959
202,Warren,Michigan,134587.0,134056.0,0.4,34.4,89.1,3928.0,1517.0,42.4929,83.025
203,Hampton,Virginia,134313.0,137436.0,-2.27,51.5,133.4,2629.0,1015.0,37.048,76.2971
204,Gainesville,Florida,133857.0,124354.0,7.64,62.3,161.4,2112.0,815.0,29.6788,82.3461
205,Visalia,California,133800.0,124442.0,7.52,37.5,97.1,3495.0,1349.0,36.3273,119.3289
206,Coral Springs,Florida,133507.0,121096.0,10.25,23.8,61.6,5465.0,2110.0,26.2707,80.2593
207,Columbia,South Carolina,133451.0,129272.0,3.23,133.5,345.8,1006.0,388.0,34.0291,80.898
208,Cedar Rapids,Iowa,133174.0,126326.0,5.42,70.8,183.4,1852.0,715.0,41.967,91.6778
209,Sterling Heights,Michigan,132964.0,129699.0,2.52,36.5,94.5,3628.0,1401.0,42.5812,83.0303
210,New Haven,Connecticut,130418.0,129779.0,0.49,18.7,48.4,6948.0,2683.0,41.3108,72.925
211,Stamford,Connecticut,129775.0,122643.0,5.82,37.6,97.4,3434.0,1326.0,41.0799,73.546
212,Concord,California,129688.0,122067.0,6.24,30.5,79.0,4221.0,1630.0,37.9722,122.0016
213,Kent,Washington,129618.0,92411.0,40.26,33.7,87.3,3784.0,1461.0,47.388,122.2127
214,Santa Clara,California,129488.0,116468.0,11.18,18.4,47.7,6845.0,2643.0,37.3646,121.9679
215,Elizabeth,New Jersey,128885.0,124969.0,3.13,12.3,31.9,10459.0,4038.0,40.6664,74.1935
216,Round Rock,Texas,128739.0,99887.0,28.88,35.6,92.2,3396.0,1311.0,30.5252,97.666
217,Thousand Oaks,California,127690.0,126683.0,0.79,55.2,143.0,2335.0,902.0,34.1933,118.8742
218,Lafayette,Louisiana,126143.0,120623.0,4.58,53.8,139.3,2372.0,916.0,30.2074,92.0285
219,Athens,Georgia,125964.0,115452.0,9.11,116.4,301.5,1060.0,410.0,33.9496,83.3701
220,Topeka,Kansas,125904.0,127473.0,-1.23,61.5,159.3,2062.0,796.0,39.0347,95.6962
221,Simi Valley,California,125851.0,124237.0,1.3,41.5,107.5,3044.0,1175.0,34.2669,118.7485
222,Fargo, North Dakota,124844.0,105549.0,18.28,49.3,127.7,2450.0,950.0,46.8652,96.829
223,Norman,Oklahoma,123471.0,110925.0,11.31,178.8,463.1,683.0,264.0,35.2406,97.3453
224,Columbia,Missouri,123180.0,108500.0,13.53,65.0,168.3,1856.0,717.0,38.951561,92.328638
225,Abilene,Texas,122999.0,117063.0,5.07,106.7,276.4,1146.0,442.0,32.4545,99.7381
226,Wilmington,North Carolina,122607.0,106476.0,15.15,51.6,133.6,2278.0,880.0,34.2092,77.8858
227,Hartford,Connecticut,122587.0,124775.0,-1.75,17.4,45.1,7083.0,2735.0,41.7659,72.6816
228,Victorville,California,122312.0,115903.0,5.53,73.3,189.8,1668.0,644.0,34.5277,117.3536
229,Pearland,Texas,122149.0,91252.0,33.86,46.3,119.9,2453.0,947.0,29.5558,95.3231
230,Vallejo,California,121913.0,115942.0,5.15,30.7,79.5,3951.0,1525.0,38.1079,122.264
231,Ann Arbor,Michigan,121890.0,113934.0,6.98,28.1,72.8,4298.0,1659.0,42.2761,83.7309
232,Berkeley,California,121643.0,112580.0,8.05,10.5,27.2,11547.0,4458.0,37.867,122.2991
233,Allentown,Pennsylvania,121433.0,118032.0,2.88,17.5,45.3,6882.0,2657.0,40.5936,75.4784
234,Richardson,Texas,120981.0,99223.0,21.93,28.6,74.1,3963.0,1530.0,32.9723,96.7081
235,Odessa,Texas,120568.0,99940.0,20.64,45.2,117.1,2608.0,1007.0,31.8838,102.3411
236,Arvada,Colorado,120492.0,106433.0,13.21,38.6,100.0,3043.0,1175.0,39.8337,105.1503
237,Cambridge,Massachusetts,118977.0,105162.0,13.14,6.4,16.6,17289.0,6675.0,42.376,71.1187
238,Sugar Land,Texas,118600.0,91252.0,29.97,34.0,88.1,3488.0,1347.0,29.5994,95.6142
239,Beaumont,Texas,118428.0,118296.0,0.11,82.1,212.6,1441.0,556.0,30.0849,94.1453
240,Lansing,Michigan,118427.0,114297.0,3.61,39.1,101.3,2967.0,1146.0,42.7143,84.5593
241,Evansville,Indiana,117963.0,117429.0,0.45,47.3,122.5,2526.0,975.0,37.9877,87.5347
242,Rochester,Minnesota,116961.0,106769.0,9.55,54.6,141.4,2088.0,806.0,44.0154,92.4772
243,Independence,Missouri,116925.0,116830.0,0.08,77.8,201.5,1504.0,581.0,39.0855,94.3521
244,Fairfield,California,116884.0,105321.0,10.98,40.9,105.9,2806.0,1083.0,38.2593,122.0321
245,Provo,Utah,116702.0,112488.0,3.75,41.7,108.0,2803.0,1082.0,40.2453,111.6448
246,Clearwater,Florida,116478.0,107685.0,8.17,25.9,67.1,4415.0,1705.0,27.9789,82.7666
247,College Station,Texas,116218.0,93857.0,23.82,51.0,132.1,2199.0,849.0,30.5852,96.2964
248,West Jordan,Utah,116046.0,103712.0,11.89,32.3,83.7,3520.0,1360.0,40.6024,112.0008
249,Carlsbad,California,115877.0,105328.0,10.02,37.7,97.6,3023.0,1167.0,33.1239,117.2828
250,El Monte,California,115586.0,113475.0,1.86,9.6,24.9,12063.0,4658.0,34.0746,118.0291
251,Murrieta,California,114985.0,103466.0,11.13,33.6,87.0,3324.0,1283.0,33.5721,117.1904
252,Temecula,California,114742.0,100097.0,14.63,37.3,96.6,3031.0,1170.0,33.4931,117.1317
253,Springfield,Illinois,114694.0,116250.0,-1.34,60.1,155.7,1925.0,743.0,39.7911,89.6446
254,Palm Bay,Florida,114194.0,103190.0,10.66,65.7,170.2,1676.0,647.0,27.9856,80.6626
255,Costa Mesa,California,113615.0,109960.0,3.32,15.7,40.7,7186.0,2775.0,33.6659,117.9123
256,Westminster,Colorado,113479.0,106114.0,6.94,31.7,82.1,3592.0,1387.0,39.8822,105.0644
257,North Charleston,South Carolina,113237.0,97471.0,16.18,73.7,190.9,1483.0,573.0,32.9178,80.065
258,Miami Gardens,Florida,113069.0,107167.0,5.51,18.2,47.1,6212.0,2398.0,25.9489,80.2436
259,Manchester,New Hampshire,112525.0,109565.0,2.7,33.1,85.7,3339.0,1289.0,42.9849,71.4441
260,High Point,North Carolina,112316.0,104371.0,7.61,55.2,143.0,2015.0,778.0,35.99,79.9905
261,Downey,California,112269.0,111772.0,0.44,12.4,32.1,9134.0,3527.0,33.9382,118.1309
262,Clovis,California,112022.0,95631.0,17.14,24.2,62.7,4404.0,1700.0,36.8282,119.6849
263,Pompano Beach,Florida,111954.0,99845.0,12.13,24.0,62.2,4558.0,1760.0,26.2416,80.1339
264,Pueblo,Colorado,111750.0,106595.0,4.84,53.6,138.8,2058.0,795.0,38.2699,104.6123
265,Elgin,Illinois,111683.0,108188.0,3.23,37.4,96.9,2998.0,1158.0,42.0396,88.3217
266,Lowell,Massachusetts,111670.0,106519.0,4.84,13.6,35.2,8129.0,3139.0,42.639,71.3211
267,Antioch,California,111535.0,102372.0,8.95,29.4,76.1,3772.0,1456.0,37.9791,121.7962
268,West Palm Beach,Florida,111398.0,99919.0,11.49,55.1,142.7,1963.0,758.0,26.7464,80.1251
269,Peoria,Illinois,111388.0,115007.0,-3.15,48.2,124.8,2371.0,915.0,40.7515,89.6174
270,Everett,Washington,111262.0,103019.0,8.0,33.3,86.2,3275.0,1264.0,47.9566,122.1914
271,Ventura,California,111128.0,106433.0,4.41,21.8,56.5,5027.0,1941.0,34.2678,119.2542
272,Centennial,Colorado,110831.0,100377.0,10.41,29.5,76.4,3727.0,1439.0,39.5906,104.8691
273,Lakeland,Florida,110516.0,97422.0,13.44,65.9,170.7,1615.0,624.0,28.0555,81.9549
274,Gresham,Oregon,110158.0,105594.0,4.32,23.3,60.3,4786.0,1848.0,45.5023,122.4416
275,Richmond,California,110146.0,103701.0,6.21,30.1,78.0,3648.0,1409.0,37.9523,122.3606
276,Billings,Montana,109550.0,104170.0,5.16,43.7,113.2,2525.0,975.0,45.7885,108.5499
277,Inglewood,California,109419.0,109673.0,-0.23,9.1,23.6,12160.0,4700.0,33.9561,118.3443
278,Broken Arrow,Oklahoma,109171.0,98850.0,10.44,61.7,159.8,1741.0,672.0,36.0365,95.781
279,Sandy Springs,Georgia,108797.0,93853.0,15.92,37.7,97.6,2804.0,1083.0,33.9315,84.3687
280,Jurupa Valley,California,108393.0,0.0, ,42.9,111.1,2414.0,932.0,34.0026,117.4676
281,Hillsboro,Oregon,108389.0,91611.0,18.31,25.0,64.7,4207.0,1624.0,45.528,122.9357
282,Waterbury,Connecticut,108093.0,110366.0,-2.06,28.5,73.8,3799.0,1467.0,41.5585,73.0367
283,Santa Maria,California,107408.0,99553.0,7.89,22.8,59.1,4662.0,1800.0,34.9332,120.4438
284,Boulder,Colorado,107353.0,97385.0,10.24,24.8,64.2,4358.0,1683.0,40.027,105.2519
285,Greeley,Colorado,107348.0,92889.0,15.57,47.8,123.8,2176.0,840.0,40.4153,104.7697
286,Daly City,California,107008.0,101123.0,5.82,7.6,19.7,14009.0,5409.0,37.7009,122.465
287,Meridian,Idaho,106804.0,75092.0,42.23,29.8,77.2,3584.0,1384.0,43.6142,116.3989
288,Lewisville,Texas,106586.0,95290.0,11.85,36.7,95.1,2852.0,1101.0,33.0466,96.9818
289,Davie,Florida,106558.0,91992.0,15.83,34.9,90.4,2919.0,1127.0,26.0791,80.285
290,West Covina,California,106311.0,106098.0,0.2,16.0,41.4,6740.0,2600.0,34.0559,117.9099
291,League City,Texas,106244.0,83560.0,27.15,51.2,132.6,1992.0,769.0,29.4901,95.1091
292,Tyler,Texas,105729.0,96900.0,9.11,56.6,146.6,1852.0,715.0,32.3173,95.3059
293,Norwalk,California,105120.0,105549.0,-0.41,9.7,25.1,10946.0,4226.0,33.9076,118.0835
294,San Mateo,California,105025.0,97207.0,8.04,12.1,31.3,8592.0,3317.0,37.5603,122.3106
295,Green Bay,Wisconsin,104879.0,104057.0,0.79,45.4,117.6,2316.0,894.0,44.5207,87.9842
296,Wichita Falls,Texas,104576.0,104553.0,0.02,72.2,187.0,1450.0,560.0,33.9067,98.5259
297,Sparks,Nevada,104246.0,90264.0,15.49,35.9,93.0,2810.0,1080.0,39.5544,119.7356
298,Lakewood,New Jersey,104157.0,92843.0,12.19,24.7,64.0,4079.0,1575.0,40.0771,74.2004
299,Burbank,California,103695.0,103340.0,0.34,17.4,45.1,6003.0,2318.0,34.1901,118.3264
300,Rialto,California,103440.0,99171.0,4.3,22.3,57.8,4633.0,1789.0,34.1118,117.3883
301,Allen,Texas,103383.0,84246.0,22.72,27.1,70.2,3715.0,1434.0,33.0997,96.6631
302,El Cajon,California,103241.0,99478.0,3.78,14.5,37.6,7156.0,2763.0,32.8017,116.9604
303,Las Cruces,New Mexico,102926.0,97618.0,5.44,76.9,199.2,1323.0,511.0,32.3264,106.7897
304,Renton,Washington,102153.0,90927.0,12.35,23.4,60.6,4314.0,1666.0,47.4761,122.192
305,Davenport,Iowa,102085.0,99685.0,2.41,62.9,162.9,1631.0,630.0,41.5541,90.604
306,South Bend,Indiana,101860.0,101168.0,0.68,41.4,107.2,2457.0,949.0,41.6769,86.269
307,Vista,California,101224.0,93834.0,7.88,18.7,48.4,5436.0,2099.0,33.1895,117.2386
308,Tuscaloosa,Alabama,101113.0,90468.0,11.77,71.7,185.7,1399.0,540.0,33.2065,87.5346
309,Clinton,Michigan,100800.0,96796.0,4.14,28.1,72.8,3573.0,1380.0,42.5903,82.917
310,Edison,New Jersey,100693.0,99967.0,0.73,30.1,78.0,3389.0,1309.0,40.504,74.3494
311,Woodbridge,New Jersey,100450.0,99585.0,0.87,23.3,60.3,4351.0,1680.0,40.5607,74.2927
312,San Angelo,Texas,100215.0,93200.0,7.53,59.9,155.1,1681.0,649.0,31.4411,100.4505
313,Kenosha,Wisconsin,100164.0,99218.0,0.95,28.0,72.5,3577.0,1381.0,42.5822,87.8456
314,Vacaville,California,100154.0,92428.0,8.36,29.0,75.1,3449.0,1332.0,38.3539,121.9728
